0,4.1382e-19,4.1382e-19,4.1382e-19
0.0025,4.5966e-06,4.5966e-06,4.5966e-06
0.005,9.1932e-06,9.1932e-06,9.1932e-06
0.0075,1.379e-05,1.379e-05,1.379e-05
0.01,1.8386e-05,1.8386e-05,1.8386e-05
0.0125,3.6564e-05,3.6564e-05,3.6564e-05
0.015,5.4851e-05,5.4851e-05,5.4851e-05
0.0175,7.3138e-05,7.3138e-05,7.3138e-05
0.02,9.1426e-05,9.1426e-05,9.1426e-05
0.0225,0.00013192,0.00013192,0.00013192
0.025,0.00017279,0.00017279,0.00017279
0.0275,0.00021365,0.00021365,0.00021365
0.03,0.00025451,0.00025451,0.00025451
0.0325,0.00032583,0.00032583,0.00032583
0.035,0.00039791,0.00039791,0.00039791
0.0375,0.00046998,0.00046998,0.00046998
0.04,0.00054206,0.00054206,0.00054206
0.0425,0.00065245,0.00065245,0.00065245
0.045,0.0007641,0.0007641,0.0007641
0.0475,0.00087575,0.00087575,0.00087575
0.05,0.00098741,0.00098741,0.00098741
0.0525,0.0011447,0.0011447,0.0011447
0.055,0.001304,0.001304,0.001304
0.0575,0.0014632,0.0014632,0.0014632
0.06,0.0016225,0.0016225,0.0016225
0.0625,0.0018342,0.0018342,0.0018342
0.065,0.0020486,0.0020486,0.0020486
0.0675,0.002263,0.002263,0.002263
0.07,0.0024774,0.0024774,0.0024774
0.0725,0.0027505,0.0027505,0.0027505
0.075,0.0030271,0.0030271,0.0030271
0.0775,0.0033037,0.0033037,0.0033037
0.08,0.0035803,0.0035803,0.0035803
0.0825,0.0039211,0.0039211,0.0039211
0.085,0.0042663,0.0042663,0.0042663
0.0875,0.0046116,0.0046116,0.0046116
0.09,0.0049568,0.0049568,0.0049568
0.0925,0.0053712,0.0053712,0.0053712
0.095,0.0057909,0.0057909,0.0057909
0.0975,0.0062106,0.0062106,0.0062106
0.1,0.0066303,0.0066303,0.0066303
0.1025,0.0071232,0.0071232,0.0071232
0.105,0.0076225,0.0076225,0.0076225
0.1075,0.0081218,0.0081218,0.0081218
0.11,0.0086211,0.0086211,0.0086211
0.1125,0.0091969,0.0091969,0.0091969
0.115,0.0097801,0.0097801,0.0097801
0.1175,0.010363,0.010363,0.010363
0.12,0.010947,0.010947,0.010947
0.1225,0.011609,0.011609,0.011609
0.125,0.012279,0.012279,0.012279
0.1275,0.01295,0.01295,0.01295
0.13,0.013621,0.013621,0.013621
0.1325,0.014372,0.014372,0.014372
0.135,0.015133,0.015133,0.015133
0.1375,0.015894,0.015894,0.015894
0.14,0.016655,0.016655,0.016655
0.1425,0.017497,0.017497,0.017497
0.145,0.01835,0.01835,0.01835
0.1475,0.019203,0.019203,0.019203
0.15,0.020056,0.020056,0.020056
0.1525,0.02099,0.02099,0.02099
0.155,0.021936,0.021936,0.021936
0.1575,0.022881,0.022881,0.022881
0.16,0.023827,0.023827,0.023827
0.1625,0.024853,0.024853,0.024853
0.165,0.025891,0.025891,0.025891
0.1675,0.02693,0.02693,0.02693
0.17,0.027968,0.027968,0.027968
0.1725,0.029085,0.029085,0.029085
0.175,0.030215,0.030215,0.030215
0.1775,0.031345,0.031345,0.031345
0.18,0.032475,0.032475,0.032475
0.1825,0.033682,0.033682,0.033682
0.185,0.034901,0.034901,0.034901
0.1875,0.036121,0.036121,0.036121
0.19,0.03734,0.03734,0.03734
0.1925,0.038633,0.038633,0.038633
0.195,0.039939,0.039939,0.039939
0.1975,0.041245,0.041245,0.041245
0.2,0.042551,0.042551,0.042551
0.2025,0.043927,0.043927,0.043927
0.205,0.045315,0.045315,0.045315
0.2075,0.046704,0.046704,0.046704
0.21,0.048093,0.048093,0.048093
0.2125,0.049546,0.049546,0.049546
0.215,0.051012,0.051012,0.051012
0.2175,0.052478,0.052478,0.052478
0.22,0.053944,0.053944,0.053944
0.2225,0.05547,0.05547,0.05547
0.225,0.057007,0.057007,0.057007
0.2275,0.058545,0.058545,0.058545
0.23,0.060083,0.060083,0.060083
0.2325,0.061674,0.061674,0.061674
0.235,0.063276,0.063276,0.063276
0.2375,0.064879,0.064879,0.064879
0.24,0.066481,0.066481,0.066481
0.2425,0.06813,0.06813,0.06813
0.245,0.069789,0.069789,0.069789
0.2475,0.071449,0.071449,0.071449
0.25,0.073108,0.073108,0.073108
0.2525,0.074806,0.074806,0.074806
0.255,0.076514,0.076514,0.076514
0.2575,0.078222,0.078222,0.078222
0.26,0.07993,0.07993,0.07993
0.2625,0.081668,0.081668,0.081668
0.265,0.083415,0.083415,0.083415
0.2675,0.085162,0.085162,0.085162
0.27,0.086909,0.086909,0.086909
0.2725,0.088678,0.088678,0.088678
0.275,0.090453,0.090453,0.090453
0.2775,0.092228,0.092228,0.092228
0.28,0.094004,0.094004,0.094004
0.2825,0.095793,0.095793,0.095793
0.285,0.097586,0.097586,0.097586
0.2875,0.099379,0.099379,0.099379
0.29,0.10117,0.10117,0.10117
0.2925,0.10297,0.10297,0.10297
0.295,0.10477,0.10477,0.10477
0.2975,0.10657,0.10657,0.10657
0.3,0.10837,0.10837,0.10837
0.3025,0.11016,0.11016,0.11016
0.305,0.11196,0.11196,0.11196
0.3075,0.11375,0.11375,0.11375
0.31,0.11554,0.11554,0.11554
0.3125,0.11732,0.11732,0.11732
0.315,0.1191,0.1191,0.1191
0.3175,0.12087,0.12087,0.12087
0.32,0.12264,0.12264,0.12264
0.3225,0.1244,0.1244,0.1244
0.325,0.12614,0.12614,0.12614
0.3275,0.12788,0.12788,0.12788
0.33,0.12962,0.12962,0.12962
0.3325,0.13133,0.13133,0.13133
0.335,0.13303,0.13303,0.13303
0.3375,0.13473,0.13473,0.13473
0.34,0.13643,0.13643,0.13643
0.3425,0.13808,0.13808,0.13808
0.345,0.13972,0.13972,0.13972
0.3475,0.14136,0.14136,0.14136
0.35,0.143,0.143,0.143
0.3525,0.14459,0.14459,0.14459
0.355,0.14615,0.14615,0.14615
0.3575,0.14772,0.14772,0.14772
0.36,0.14928,0.14928,0.14928
0.3625,0.15079,0.15079,0.15079
0.365,0.15227,0.15227,0.15227
0.3675,0.15375,0.15375,0.15375
0.37,0.15523,0.15523,0.15523
0.3725,0.15664,0.15664,0.15664
0.375,0.15802,0.15802,0.15802
0.3775,0.1594,0.1594,0.1594
0.38,0.16078,0.16078,0.16078
0.3825,0.16208,0.16208,0.16208
0.385,0.16334,0.16334,0.16334
0.3875,0.16461,0.16461,0.16461
0.39,0.16587,0.16587,0.16587
0.3925,0.16705,0.16705,0.16705
0.395,0.16819,0.16819,0.16819
0.3975,0.16933,0.16933,0.16933
0.4,0.17047,0.17047,0.17047
0.4025,0.17151,0.17151,0.17151
0.405,0.1725,0.1725,0.1725
0.4075,0.1735,0.1735,0.1735
0.41,0.1745,0.1745,0.1745
0.4125,0.17539,0.17539,0.17539
0.415,0.17624,0.17624,0.17624
0.4175,0.17708,0.17708,0.17708
0.42,0.17792,0.17792,0.17792
0.4225,0.17865,0.17865,0.17865
0.425,0.17933,0.17933,0.17933
0.4275,0.18001,0.18001,0.18001
0.43,0.18069,0.18069,0.18069
0.4325,0.18125,0.18125,0.18125
0.435,0.18175,0.18175,0.18175
0.4375,0.18224,0.18224,0.18224
0.44,0.18274,0.18274,0.18274
0.4425,0.18312,0.18312,0.18312
0.445,0.18343,0.18343,0.18343
0.4475,0.18374,0.18374,0.18374
0.45,0.18405,0.18405,0.18405
0.4525,0.18423,0.18423,0.18423
0.455,0.18435,0.18435,0.18435
0.4575,0.18446,0.18446,0.18446
0.46,0.18457,0.18457,0.18457
0.4625,0.18455,0.18455,0.18455
0.465,0.18445,0.18445,0.18445
0.4675,0.18435,0.18435,0.18435
0.47,0.18425,0.18425,0.18425
0.4725,0.18402,0.18402,0.18402
0.475,0.18371,0.18371,0.18371
0.4775,0.18339,0.18339,0.18339
0.48,0.18308,0.18308,0.18308
0.4825,0.18262,0.18262,0.18262
0.485,0.18208,0.18208,0.18208
0.4875,0.18154,0.18154,0.18154
0.49,0.181,0.181,0.181
0.4925,0.18032,0.18032,0.18032
0.495,0.17955,0.17955,0.17955
0.4975,0.17878,0.17878,0.17878
0.5,0.17801,0.17801,0.17801
0.5025,0.1771,0.1771,0.1771
0.505,0.17609,0.17609,0.17609
0.5075,0.17508,0.17508,0.17508
0.51,0.17408,0.17408,0.17408
0.5125,0.17293,0.17293,0.17293
0.515,0.17168,0.17168,0.17168
0.5175,0.17043,0.17043,0.17043
0.52,0.16918,0.16918,0.16918
0.5225,0.16779,0.16779,0.16779
0.525,0.1663,0.1663,0.1663
0.5275,0.16481,0.16481,0.16481
0.53,0.16332,0.16332,0.16332
0.5325,0.16169,0.16169,0.16169
0.535,0.15995,0.15995,0.15995
0.5375,0.15822,0.15822,0.15822
0.54,0.15648,0.15648,0.15648
0.5425,0.15461,0.15461,0.15461
0.545,0.15263,0.15263,0.15263
0.5475,0.15065,0.15065,0.15065
0.55,0.14867,0.14867,0.14867
0.5525,0.14655,0.14655,0.14655
0.555,0.14433,0.14433,0.14433
0.5575,0.1421,0.1421,0.1421
0.56,0.13988,0.13988,0.13988
0.5625,0.13752,0.13752,0.13752
0.565,0.13506,0.13506,0.13506
0.5675,0.13259,0.13259,0.13259
0.57,0.13013,0.13013,0.13013
0.5725,0.12753,0.12753,0.12753
0.575,0.12483,0.12483,0.12483
0.5775,0.12213,0.12213,0.12213
0.58,0.11943,0.11943,0.11943
0.5825,0.11661,0.11661,0.11661
0.585,0.11368,0.11368,0.11368
0.5875,0.11074,0.11074,0.11074
0.59,0.10781,0.10781,0.10781
0.5925,0.10476,0.10476,0.10476
0.595,0.10161,0.10161,0.10161
0.5975,0.098454,0.098454,0.098454
0.6,0.0953,0.0953,0.0953
0.6025,0.092034,0.092034,0.092034
0.605,0.088664,0.088664,0.088664
0.6075,0.085295,0.085295,0.085295
0.61,0.081926,0.081926,0.081926
0.6125,0.078453,0.078453,0.078453
0.615,0.074879,0.074879,0.074879
0.6175,0.071306,0.071306,0.071306
0.62,0.067732,0.067732,0.067732
0.6225,0.064062,0.064062,0.064062
0.625,0.060296,0.060296,0.060296
0.6275,0.05653,0.05653,0.05653
0.63,0.052764,0.052764,0.052764
0.6325,0.048909,0.048909,0.048909
0.635,0.044964,0.044964,0.044964
0.6375,0.041018,0.041018,0.041018
0.64,0.037073,0.037073,0.037073
0.6425,0.033047,0.033047,0.033047
0.645,0.028937,0.028937,0.028937
0.6475,0.024827,0.024827,0.024827
0.65,0.020716,0.020716,0.020716
0.6525,0.016535,0.016535,0.016535
0.655,0.012275,0.012275,0.012275
0.6575,0.0080158,0.0080158,0.0080158
0.66,0.0037565,0.0037565,0.0037565
0.6625,-0.00056504,-0.00056504,-0.00056504
0.665,-0.0049563,-0.0049563,-0.0049563
0.6675,-0.0093476,-0.0093476,-0.0093476
0.67,-0.013739,-0.013739,-0.013739
0.6725,-0.018183,-0.018183,-0.018183
0.675,-0.022688,-0.022688,-0.022688
0.6775,-0.027193,-0.027193,-0.027193
0.68,-0.031698,-0.031698,-0.031698
0.6825,-0.036246,-0.036246,-0.036246
0.685,-0.040845,-0.040845,-0.040845
0.6875,-0.045444,-0.045444,-0.045444
0.69,-0.050043,-0.050043,-0.050043
0.6925,-0.054675,-0.054675,-0.054675
0.695,-0.059348,-0.059348,-0.059348
0.6975,-0.064021,-0.064021,-0.064021
0.7,-0.068694,-0.068694,-0.068694
0.7025,-0.07339,-0.07339,-0.07339
0.705,-0.078115,-0.078115,-0.078115
0.7075,-0.082841,-0.082841,-0.082841
0.71,-0.087566,-0.087566,-0.087566
0.7125,-0.092305,-0.092305,-0.092305
0.715,-0.09706,-0.09706,-0.09706
0.7175,-0.10182,-0.10182,-0.10182
0.72,-0.10657,-0.10657,-0.10657
0.7225,-0.11133,-0.11133,-0.11133
0.725,-0.11609,-0.11609,-0.11609
0.7275,-0.12086,-0.12086,-0.12086
0.73,-0.12562,-0.12562,-0.12562
0.7325,-0.13038,-0.13038,-0.13038
0.735,-0.13512,-0.13512,-0.13512
0.7375,-0.13987,-0.13987,-0.13987
0.74,-0.14462,-0.14462,-0.14462
0.7425,-0.14935,-0.14935,-0.14935
0.745,-0.15405,-0.15405,-0.15405
0.7475,-0.15876,-0.15876,-0.15876
0.75,-0.16347,-0.16347,-0.16347
0.7525,-0.16815,-0.16815,-0.16815
0.755,-0.17279,-0.17279,-0.17279
0.7575,-0.17743,-0.17743,-0.17743
0.76,-0.18208,-0.18208,-0.18208
0.7625,-0.18668,-0.18668,-0.18668
0.765,-0.19124,-0.19124,-0.19124
0.7675,-0.19579,-0.19579,-0.19579
0.77,-0.20035,-0.20035,-0.20035
0.7725,-0.20486,-0.20486,-0.20486
0.775,-0.2093,-0.2093,-0.2093
0.7775,-0.21374,-0.21374,-0.21374
0.78,-0.21818,-0.21818,-0.21818
0.7825,-0.22257,-0.22257,-0.22257
0.785,-0.22687,-0.22687,-0.22687
0.7875,-0.23117,-0.23117,-0.23117
0.79,-0.23548,-0.23548,-0.23548
0.7925,-0.23972,-0.23972,-0.23972
0.795,-0.24386,-0.24386,-0.24386
0.7975,-0.248,-0.248,-0.248
0.8,-0.25214,-0.25214,-0.25214
0.8025,-0.25621,-0.25621,-0.25621
0.805,-0.26017,-0.26017,-0.26017
0.8075,-0.26412,-0.26412,-0.26412
0.81,-0.26808,-0.26808,-0.26808
0.8125,-0.27196,-0.27196,-0.27196
0.815,-0.27571,-0.27571,-0.27571
0.8175,-0.27945,-0.27945,-0.27945
0.82,-0.2832,-0.2832,-0.2832
0.8225,-0.28686,-0.28686,-0.28686
0.825,-0.29038,-0.29038,-0.29038
0.8275,-0.29389,-0.29389,-0.29389
0.83,-0.2974,-0.2974,-0.2974
0.8325,-0.30083,-0.30083,-0.30083
0.835,-0.30409,-0.30409,-0.30409
0.8375,-0.30734,-0.30734,-0.30734
0.84,-0.3106,-0.3106,-0.3106
0.8425,-0.31377,-0.31377,-0.31377
0.845,-0.31675,-0.31675,-0.31675
0.8475,-0.31974,-0.31974,-0.31974
0.85,-0.32272,-0.32272,-0.32272
0.8525,-0.32561,-0.32561,-0.32561
0.855,-0.32829,-0.32829,-0.32829
0.8575,-0.33098,-0.33098,-0.33098
0.86,-0.33366,-0.33366,-0.33366
0.8625,-0.33625,-0.33625,-0.33625
0.865,-0.33862,-0.33862,-0.33862
0.8675,-0.34099,-0.34099,-0.34099
0.87,-0.34336,-0.34336,-0.34336
0.8725,-0.34563,-0.34563,-0.34563
0.875,-0.34766,-0.34766,-0.34766
0.8775,-0.3497,-0.3497,-0.3497
0.88,-0.35173,-0.35173,-0.35173
0.8825,-0.35367,-0.35367,-0.35367
0.885,-0.35535,-0.35535,-0.35535
0.8875,-0.35703,-0.35703,-0.35703
0.89,-0.35872,-0.35872,-0.35872
0.8925,-0.3603,-0.3603,-0.3603
0.895,-0.36161,-0.36161,-0.36161
0.8975,-0.36293,-0.36293,-0.36293
0.9,-0.36425,-0.36425,-0.36425
0.9025,-0.36546,-0.36546,-0.36546
0.905,-0.36639,-0.36639,-0.36639
0.9075,-0.36733,-0.36733,-0.36733
0.91,-0.36827,-0.36827,-0.36827
0.9125,-0.36909,-0.36909,-0.36909
0.915,-0.36964,-0.36964,-0.36964
0.9175,-0.37018,-0.37018,-0.37018
0.92,-0.37072,-0.37072,-0.37072
0.9225,-0.37115,-0.37115,-0.37115
0.925,-0.37129,-0.37129,-0.37129
0.9275,-0.37143,-0.37143,-0.37143
0.93,-0.37156,-0.37156,-0.37156
0.9325,-0.37159,-0.37159,-0.37159
0.935,-0.37132,-0.37132,-0.37132
0.9375,-0.37104,-0.37104,-0.37104
0.94,-0.37076,-0.37076,-0.37076
0.9425,-0.37038,-0.37038,-0.37038
0.945,-0.36968,-0.36968,-0.36968
0.9475,-0.36898,-0.36898,-0.36898
0.95,-0.36828,-0.36828,-0.36828
0.9525,-0.36747,-0.36747,-0.36747
0.955,-0.36634,-0.36634,-0.36634
0.9575,-0.36522,-0.36522,-0.36522
0.96,-0.36409,-0.36409,-0.36409
0.9625,-0.36286,-0.36286,-0.36286
0.965,-0.3613,-0.3613,-0.3613
0.9675,-0.35974,-0.35974,-0.35974
0.97,-0.35818,-0.35818,-0.35818
0.9725,-0.35652,-0.35652,-0.35652
0.975,-0.35452,-0.35452,-0.35452
0.9775,-0.35253,-0.35253,-0.35253
0.98,-0.35053,-0.35053,-0.35053
0.9825,-0.34844,-0.34844,-0.34844
0.985,-0.34602,-0.34602,-0.34602
0.9875,-0.34359,-0.34359,-0.34359
0.99,-0.34116,-0.34116,-0.34116
0.9925,-0.33864,-0.33864,-0.33864
0.995,-0.33578,-0.33578,-0.33578
0.9975,-0.33292,-0.33292,-0.33292
1,-0.33006,-0.33006,-0.33006
1.0025,-0.32711,-0.32711,-0.32711
1.005,-0.32382,-0.32382,-0.32382
1.0075,-0.32053,-0.32053,-0.32053
1.01,-0.31724,-0.31724,-0.31724
1.0125,-0.31388,-0.31388,-0.31388
1.015,-0.31017,-0.31017,-0.31017
1.0175,-0.30646,-0.30646,-0.30646
1.02,-0.30275,-0.30275,-0.30275
1.0225,-0.29896,-0.29896,-0.29896
1.025,-0.29484,-0.29484,-0.29484
1.0275,-0.29072,-0.29072,-0.29072
1.03,-0.28659,-0.28659,-0.28659
1.0325,-0.2824,-0.2824,-0.2824
1.035,-0.27788,-0.27788,-0.27788
1.0375,-0.27335,-0.27335,-0.27335
1.04,-0.26883,-0.26883,-0.26883
1.0425,-0.26424,-0.26424,-0.26424
1.045,-0.25933,-0.25933,-0.25933
1.0475,-0.25441,-0.25441,-0.25441
1.05,-0.2495,-0.2495,-0.2495
1.0525,-0.24453,-0.24453,-0.24453
1.055,-0.23924,-0.23924,-0.23924
1.0575,-0.23395,-0.23395,-0.23395
1.06,-0.22867,-0.22867,-0.22867
1.0625,-0.22333,-0.22333,-0.22333
1.065,-0.21768,-0.21768,-0.21768
1.0675,-0.21204,-0.21204,-0.21204
1.07,-0.2064,-0.2064,-0.2064
1.0725,-0.20071,-0.20071,-0.20071
1.075,-0.19473,-0.19473,-0.19473
1.0775,-0.18875,-0.18875,-0.18875
1.08,-0.18277,-0.18277,-0.18277
1.0825,-0.17675,-0.17675,-0.17675
1.085,-0.17046,-0.17046,-0.17046
1.0875,-0.16416,-0.16416,-0.16416
1.09,-0.15787,-0.15787,-0.15787
1.0925,-0.15154,-0.15154,-0.15154
1.095,-0.14495,-0.14495,-0.14495
1.0975,-0.13837,-0.13837,-0.13837
1.1,-0.13178,-0.13178,-0.13178
1.1025,-0.12517,-0.12517,-0.12517
1.105,-0.11832,-0.11832,-0.11832
1.1075,-0.11147,-0.11147,-0.11147
1.11,-0.10461,-0.10461,-0.10461
1.1125,-0.097738,-0.097738,-0.097738
1.115,-0.09065,-0.09065,-0.09065
1.1175,-0.083562,-0.083562,-0.083562
1.12,-0.076474,-0.076474,-0.076474
1.1225,-0.069365,-0.069365,-0.069365
1.125,-0.062068,-0.062068,-0.062068
1.1275,-0.054772,-0.054772,-0.054772
1.13,-0.047475,-0.047475,-0.047475
1.1325,-0.040162,-0.040162,-0.040162
1.135,-0.032688,-0.032688,-0.032688
1.1375,-0.025213,-0.025213,-0.025213
1.14,-0.017739,-0.017739,-0.017739
1.1425,-0.010253,-0.010253,-0.010253
1.145,-0.0026332,-0.0026332,-0.0026332
1.1475,0.0049863,0.0049863,0.0049863
1.15,0.012606,0.012606,0.012606
1.1525,0.020234,0.020234,0.020234
1.155,0.027965,0.027965,0.027965
1.1575,0.035696,0.035696,0.035696
1.16,0.043427,0.043427,0.043427
1.1625,0.051164,0.051164,0.051164
1.165,0.058972,0.058972,0.058972
1.1675,0.06678,0.06678,0.06678
1.17,0.074588,0.074588,0.074588
1.1725,0.082399,0.082399,0.082399
1.175,0.090248,0.090248,0.090248
1.1775,0.098098,0.098098,0.098098
1.18,0.10595,0.10595,0.10595
1.1825,0.1138,0.1138,0.1138
1.185,0.12165,0.12165,0.12165
1.1875,0.12951,0.12951,0.12951
1.19,0.13736,0.13736,0.13736
1.1925,0.14521,0.14521,0.14521
1.195,0.15304,0.15304,0.15304
1.1975,0.16086,0.16086,0.16086
1.2,0.16868,0.16868,0.16868
1.2025,0.1765,0.1765,0.1765
1.205,0.18426,0.18426,0.18426
1.2075,0.19201,0.19201,0.19201
1.21,0.19976,0.19976,0.19976
1.2125,0.20751,0.20751,0.20751
1.215,0.21516,0.21516,0.21516
1.2175,0.22281,0.22281,0.22281
1.22,0.23046,0.23046,0.23046
1.2225,0.2381,0.2381,0.2381
1.225,0.24561,0.24561,0.24561
1.2275,0.25311,0.25311,0.25311
1.23,0.26062,0.26062,0.26062
1.2325,0.26812,0.26812,0.26812
1.235,0.27544,0.27544,0.27544
1.2375,0.28277,0.28277,0.28277
1.24,0.29009,0.29009,0.29009
1.2425,0.29741,0.29741,0.29741
1.245,0.30452,0.30452,0.30452
1.2475,0.31163,0.31163,0.31163
1.25,0.31874,0.31874,0.31874
1.2525,0.32585,0.32585,0.32585
1.255,0.33271,0.33271,0.33271
1.2575,0.33956,0.33956,0.33956
1.26,0.34642,0.34642,0.34642
1.2625,0.35328,0.35328,0.35328
1.265,0.35985,0.35985,0.35985
1.2675,0.36642,0.36642,0.36642
1.27,0.37299,0.37299,0.37299
1.2725,0.37956,0.37956,0.37956
1.275,0.38582,0.38582,0.38582
1.2775,0.39207,0.39207,0.39207
1.28,0.39832,0.39832,0.39832
1.2825,0.40457,0.40457,0.40457
1.285,0.41048,0.41048,0.41048
1.2875,0.41637,0.41637,0.41637
1.29,0.42227,0.42227,0.42227
1.2925,0.42817,0.42817,0.42817
1.295,0.4337,0.4337,0.4337
1.2975,0.43921,0.43921,0.43921
1.3,0.44473,0.44473,0.44473
1.3025,0.45024,0.45024,0.45024
1.305,0.45536,0.45536,0.45536
1.3075,0.46046,0.46046,0.46046
1.31,0.46556,0.46556,0.46556
1.3125,0.47067,0.47067,0.47067
1.315,0.47535,0.47535,0.47535
1.3175,0.48001,0.48001,0.48001
1.32,0.48467,0.48467,0.48467
1.3225,0.48933,0.48933,0.48933
1.325,0.49355,0.49355,0.49355
1.3275,0.49774,0.49774,0.49774
1.33,0.50194,0.50194,0.50194
1.3325,0.50613,0.50613,0.50613
1.335,0.50987,0.50987,0.50987
1.3375,0.51357,0.51357,0.51357
1.34,0.51727,0.51727,0.51727
1.3425,0.52097,0.52097,0.52097
1.345,0.52419,0.52419,0.52419
1.3475,0.52738,0.52738,0.52738
1.35,0.53057,0.53057,0.53057
1.3525,0.53375,0.53375,0.53375
1.355,0.53645,0.53645,0.53645
1.3575,0.5391,0.5391,0.5391
1.36,0.54175,0.54175,0.54175
1.3625,0.5444,0.5444,0.5444
1.365,0.54655,0.54655,0.54655
1.3675,0.54865,0.54865,0.54865
1.37,0.55074,0.55074,0.55074
1.3725,0.55284,0.55284,0.55284
1.375,0.55442,0.55442,0.55442
1.3775,0.55595,0.55595,0.55595
1.38,0.55747,0.55747,0.55747
1.3825,0.559,0.559,0.559
1.385,0.56,0.56,0.56
1.3875,0.56094,0.56094,0.56094
1.39,0.56188,0.56188,0.56188
1.3925,0.56283,0.56283,0.56283
1.395,0.56324,0.56324,0.56324
1.3975,0.56358,0.56358,0.56358
1.4,0.56392,0.56392,0.56392
1.4025,0.56427,0.56427,0.56427
1.405,0.56407,0.56407,0.56407
1.4075,0.56381,0.56381,0.56381
1.41,0.56354,0.56354,0.56354
1.4125,0.56328,0.56328,0.56328
1.415,0.56248,0.56248,0.56248
1.4175,0.5616,0.5616,0.5616
1.42,0.56072,0.56072,0.56072
1.4225,0.55984,0.55984,0.55984
1.425,0.55842,0.55842,0.55842
1.4275,0.55692,0.55692,0.55692
1.43,0.55542,0.55542,0.55542
1.4325,0.55392,0.55392,0.55392
1.435,0.55188,0.55188,0.55188
1.4375,0.54976,0.54976,0.54976
1.44,0.54763,0.54763,0.54763
1.4425,0.5455,0.5455,0.5455
1.445,0.54285,0.54285,0.54285
1.4475,0.5401,0.5401,0.5401
1.45,0.53735,0.53735,0.53735
1.4525,0.5346,0.5346,0.5346
1.455,0.53133,0.53133,0.53133
1.4575,0.52796,0.52796,0.52796
1.46,0.52459,0.52459,0.52459
1.4625,0.52122,0.52122,0.52122
1.465,0.51733,0.51733,0.51733
1.4675,0.51334,0.51334,0.51334
1.47,0.50936,0.50936,0.50936
1.4725,0.50537,0.50537,0.50537
1.475,0.50088,0.50088,0.50088
1.4775,0.49628,0.49628,0.49628
1.48,0.49168,0.49168,0.49168
1.4825,0.48709,0.48709,0.48709
1.485,0.482,0.482,0.482
1.4875,0.47681,0.47681,0.47681
1.49,0.47161,0.47161,0.47161
1.4925,0.46641,0.46641,0.46641
1.495,0.46075,0.46075,0.46075
1.4975,0.45496,0.45496,0.45496
1.5,0.44918,0.44918,0.44918
1.5025,0.4434,0.4434,0.4434
1.505,0.43717,0.43717,0.43717
1.5075,0.43082,0.43082,0.43082
1.51,0.42447,0.42447,0.42447
1.5125,0.41812,0.41812,0.41812
1.515,0.41133,0.41133,0.41133
1.5175,0.40443,0.40443,0.40443
1.52,0.39753,0.39753,0.39753
1.5225,0.39063,0.39063,0.39063
1.525,0.38332,0.38332,0.38332
1.5275,0.37589,0.37589,0.37589
1.53,0.36847,0.36847,0.36847
1.5325,0.36104,0.36104,0.36104
1.535,0.35323,0.35323,0.35323
1.5375,0.3453,0.3453,0.3453
1.54,0.33737,0.33737,0.33737
1.5425,0.32944,0.32944,0.32944
1.545,0.32115,0.32115,0.32115
1.5475,0.31275,0.31275,0.31275
1.55,0.30434,0.30434,0.30434
1.5525,0.29594,0.29594,0.29594
1.555,0.2872,0.2872,0.2872
1.5575,0.27836,0.27836,0.27836
1.56,0.26951,0.26951,0.26951
1.5625,0.26067,0.26067,0.26067
1.565,0.25152,0.25152,0.25152
1.5675,0.24226,0.24226,0.24226
1.57,0.23301,0.23301,0.23301
1.5725,0.22376,0.22376,0.22376
1.575,0.21423,0.21423,0.21423
1.5775,0.2046,0.2046,0.2046
1.58,0.19498,0.19498,0.19498
1.5825,0.18535,0.18535,0.18535
1.585,0.17548,0.17548,0.17548
1.5875,0.16552,0.16552,0.16552
1.59,0.15556,0.15556,0.15556
1.5925,0.1456,0.1456,0.1456
1.595,0.13543,0.13543,0.13543
1.5975,0.12518,0.12518,0.12518
1.6,0.11493,0.11493,0.11493
1.6025,0.10468,0.10468,0.10468
1.605,0.094256,0.094256,0.094256
1.6075,0.083758,0.083758,0.083758
1.61,0.07326,0.07326,0.07326
1.6125,0.062762,0.062762,0.062762
1.615,0.052121,0.052121,0.052121
1.6175,0.041421,0.041421,0.041421
1.62,0.030721,0.030721,0.030721
1.6225,0.020021,0.020021,0.020021
1.625,0.009212,0.009212,0.009212
1.6275,-0.0016429,-0.0016429,-0.0016429
1.63,-0.012498,-0.012498,-0.012498
1.6325,-0.023353,-0.023353,-0.023353
1.635,-0.034281,-0.034281,-0.034281
1.6375,-0.045243,-0.045243,-0.045243
1.64,-0.056204,-0.056204,-0.056204
1.6425,-0.067165,-0.067165,-0.067165
1.645,-0.078165,-0.078165,-0.078165
1.6475,-0.089183,-0.089183,-0.089183
1.65,-0.1002,-0.1002,-0.1002
1.6525,-0.11122,-0.11122,-0.11122
1.655,-0.12224,-0.12224,-0.12224
1.6575,-0.13327,-0.13327,-0.13327
1.66,-0.14429,-0.14429,-0.14429
1.6625,-0.15531,-0.15531,-0.15531
1.665,-0.16631,-0.16631,-0.16631
1.6675,-0.17729,-0.17729,-0.17729
1.67,-0.18827,-0.18827,-0.18827
1.6725,-0.19925,-0.19925,-0.19925
1.675,-0.21016,-0.21016,-0.21016
1.6775,-0.22105,-0.22105,-0.22105
1.68,-0.23193,-0.23193,-0.23193
1.6825,-0.24282,-0.24282,-0.24282
1.685,-0.2536,-0.2536,-0.2536
1.6875,-0.26434,-0.26434,-0.26434
1.69,-0.27508,-0.27508,-0.27508
1.6925,-0.28582,-0.28582,-0.28582
1.695,-0.29643,-0.29643,-0.29643
1.6975,-0.30697,-0.30697,-0.30697
1.7,-0.31752,-0.31752,-0.31752
1.7025,-0.32806,-0.32806,-0.32806
1.705,-0.33844,-0.33844,-0.33844
1.7075,-0.34874,-0.34874,-0.34874
1.71,-0.35904,-0.35904,-0.35904
1.7125,-0.36934,-0.36934,-0.36934
1.715,-0.37945,-0.37945,-0.37945
1.7175,-0.38945,-0.38945,-0.38945
1.72,-0.39946,-0.39946,-0.39946
1.7225,-0.40946,-0.40946,-0.40946
1.725,-0.41925,-0.41925,-0.41925
1.7275,-0.42892,-0.42892,-0.42892
1.73,-0.43858,-0.43858,-0.43858
1.7325,-0.44825,-0.44825,-0.44825
1.735,-0.45767,-0.45767,-0.45767
1.7375,-0.46695,-0.46695,-0.46695
1.74,-0.47623,-0.47623,-0.47623
1.7425,-0.48551,-0.48551,-0.48551
1.745,-0.49453,-0.49453,-0.49453
1.7475,-0.50338,-0.50338,-0.50338
1.75,-0.51224,-0.51224,-0.51224
1.7525,-0.52109,-0.52109,-0.52109
1.755,-0.52966,-0.52966,-0.52966
1.7575,-0.53804,-0.53804,-0.53804
1.76,-0.54642,-0.54642,-0.54642
1.7625,-0.55481,-0.55481,-0.55481
1.765,-0.56289,-0.56289,-0.56289
1.7675,-0.57077,-0.57077,-0.57077
1.77,-0.57864,-0.57864,-0.57864
1.7725,-0.58651,-0.58651,-0.58651
1.775,-0.59407,-0.59407,-0.59407
1.7775,-0.6014,-0.6014,-0.6014
1.78,-0.60873,-0.60873,-0.60873
1.7825,-0.61606,-0.61606,-0.61606
1.785,-0.62306,-0.62306,-0.62306
1.7875,-0.62981,-0.62981,-0.62981
1.79,-0.63656,-0.63656,-0.63656
1.7925,-0.64331,-0.64331,-0.64331
1.795,-0.64971,-0.64971,-0.64971
1.7975,-0.65585,-0.65585,-0.65585
1.8,-0.66199,-0.66199,-0.66199
1.8025,-0.66813,-0.66813,-0.66813
1.805,-0.67391,-0.67391,-0.67391
1.8075,-0.67941,-0.67941,-0.67941
1.81,-0.68491,-0.68491,-0.68491
1.8125,-0.6904,-0.6904,-0.6904
1.815,-0.69553,-0.69553,-0.69553
1.8175,-0.70036,-0.70036,-0.70036
1.82,-0.70519,-0.70519,-0.70519
1.8225,-0.71002,-0.71002,-0.71002
1.825,-0.71447,-0.71447,-0.71447
1.8275,-0.71861,-0.71861,-0.71861
1.83,-0.72275,-0.72275,-0.72275
1.8325,-0.72688,-0.72688,-0.72688
1.835,-0.73063,-0.73063,-0.73063
1.8375,-0.73405,-0.73405,-0.73405
1.84,-0.73747,-0.73747,-0.73747
1.8425,-0.74089,-0.74089,-0.74089
1.845,-0.74393,-0.74393,-0.74393
1.8475,-0.74661,-0.74661,-0.74661
1.85,-0.7493,-0.7493,-0.7493
1.8525,-0.75198,-0.75198,-0.75198
1.855,-0.75427,-0.75427,-0.75427
1.8575,-0.7562,-0.7562,-0.7562
1.86,-0.75814,-0.75814,-0.75814
1.8625,-0.76007,-0.76007,-0.76007
1.865,-0.76161,-0.76161,-0.76161
1.8675,-0.76277,-0.76277,-0.76277
1.87,-0.76393,-0.76393,-0.76393
1.8725,-0.76509,-0.76509,-0.76509
1.875,-0.76587,-0.76587,-0.76587
1.8775,-0.76625,-0.76625,-0.76625
1.88,-0.76663,-0.76663,-0.76663
1.8825,-0.76701,-0.76701,-0.76701
1.885,-0.76701,-0.76701,-0.76701
1.8875,-0.7666,-0.7666,-0.7666
1.89,-0.76619,-0.76619,-0.76619
1.8925,-0.76578,-0.76578,-0.76578
1.895,-0.76499,-0.76499,-0.76499
1.8975,-0.76378,-0.76378,-0.76378
1.9,-0.76257,-0.76257,-0.76257
1.9025,-0.76137,-0.76137,-0.76137
1.905,-0.75978,-0.75978,-0.75978
1.9075,-0.75777,-0.75777,-0.75777
1.91,-0.75576,-0.75576,-0.75576
1.9125,-0.75375,-0.75375,-0.75375
1.915,-0.75137,-0.75137,-0.75137
1.9175,-0.74855,-0.74855,-0.74855
1.92,-0.74574,-0.74574,-0.74574
1.9225,-0.74293,-0.74293,-0.74293
1.925,-0.73974,-0.73974,-0.73974
1.9275,-0.73613,-0.73613,-0.73613
1.93,-0.73251,-0.73251,-0.73251
1.9325,-0.72889,-0.72889,-0.72889
1.935,-0.72492,-0.72492,-0.72492
1.9375,-0.7205,-0.7205,-0.7205
1.94,-0.71608,-0.71608,-0.71608
1.9425,-0.71167,-0.71167,-0.71167
1.945,-0.7069,-0.7069,-0.7069
1.9475,-0.70169,-0.70169,-0.70169
1.95,-0.69648,-0.69648,-0.69648
1.9525,-0.69127,-0.69127,-0.69127
1.955,-0.68572,-0.68572,-0.68572
1.9575,-0.67973,-0.67973,-0.67973
1.96,-0.67374,-0.67374,-0.67374
1.9625,-0.66775,-0.66775,-0.66775
1.965,-0.66142,-0.66142,-0.66142
1.9675,-0.65466,-0.65466,-0.65466
1.97,-0.6479,-0.6479,-0.6479
1.9725,-0.64114,-0.64114,-0.64114
1.975,-0.63406,-0.63406,-0.63406
1.9775,-0.62655,-0.62655,-0.62655
1.98,-0.61904,-0.61904,-0.61904
1.9825,-0.61152,-0.61152,-0.61152
1.985,-0.60371,-0.60371,-0.60371
1.9875,-0.59546,-0.59546,-0.59546
1.99,-0.58722,-0.58722,-0.58722
1.9925,-0.57897,-0.57897,-0.57897
1.995,-0.57044,-0.57044,-0.57044
1.9975,-0.56149,-0.56149,-0.56149
2,-0.55253,-0.55253,-0.55253
2.0025,-0.54358,-0.54358,-0.54358
2.005,-0.53436,-0.53436,-0.53436
2.0075,-0.52472,-0.52472,-0.52472
2.01,-0.51509,-0.51509,-0.51509
2.0125,-0.50546,-0.50546,-0.50546
2.015,-0.49557,-0.49557,-0.49557
2.0175,-0.48529,-0.48529,-0.48529
2.02,-0.47501,-0.47501,-0.47501
2.0225,-0.46472,-0.46472,-0.46472
2.025,-0.45421,-0.45421,-0.45421
2.0275,-0.44331,-0.44331,-0.44331
2.03,-0.43242,-0.43242,-0.43242
2.0325,-0.42152,-0.42152,-0.42152
2.035,-0.41042,-0.41042,-0.41042
2.0375,-0.39895,-0.39895,-0.39895
2.04,-0.38748,-0.38748,-0.38748
2.0425,-0.37601,-0.37601,-0.37601
2.045,-0.36435,-0.36435,-0.36435
2.0475,-0.35235,-0.35235,-0.35235
2.05,-0.34035,-0.34035,-0.34035
2.0525,-0.32835,-0.32835,-0.32835
2.055,-0.31618,-0.31618,-0.31618
2.0575,-0.3037,-0.3037,-0.3037
2.06,-0.29122,-0.29122,-0.29122
2.0625,-0.27873,-0.27873,-0.27873
2.065,-0.2661,-0.2661,-0.2661
2.0675,-0.25319,-0.25319,-0.25319
2.07,-0.24027,-0.24027,-0.24027
2.0725,-0.22735,-0.22735,-0.22735
2.075,-0.21431,-0.21431,-0.21431
2.0775,-0.20101,-0.20101,-0.20101
2.08,-0.18772,-0.18772,-0.18772
2.0825,-0.17442,-0.17442,-0.17442
2.085,-0.16102,-0.16102,-0.16102
2.0875,-0.1474,-0.1474,-0.1474
2.09,-0.13378,-0.13378,-0.13378
2.0925,-0.12016,-0.12016,-0.12016
2.095,-0.10646,-0.10646,-0.10646
2.0975,-0.092578,-0.092578,-0.092578
2.1,-0.078695,-0.078695,-0.078695
2.1025,-0.064812,-0.064812,-0.064812
2.105,-0.050865,-0.050865,-0.050865
2.1075,-0.036779,-0.036779,-0.036779
2.11,-0.022694,-0.022694,-0.022694
2.1125,-0.0086082,-0.0086082,-0.0086082
2.115,0.0055205,0.0055205,0.0055205
2.1175,0.019746,0.019746,0.019746
2.12,0.033971,0.033971,0.033971
2.1225,0.048197,0.048197,0.048197
2.125,0.062445,0.062445,0.062445
2.1275,0.076746,0.076746,0.076746
2.13,0.091047,0.091047,0.091047
2.1325,0.10535,0.10535,0.10535
2.135,0.11965,0.11965,0.11965
2.1375,0.13396,0.13396,0.13396
2.14,0.14827,0.14827,0.14827
2.1425,0.16259,0.16259,0.16259
2.145,0.17688,0.17688,0.17688
2.1475,0.19114,0.19114,0.19114
2.15,0.20539,0.20539,0.20539
2.1525,0.21965,0.21965,0.21965
2.155,0.23387,0.23387,0.23387
2.1575,0.24801,0.24801,0.24801
2.16,0.26214,0.26214,0.26214
2.1625,0.27628,0.27628,0.27628
2.165,0.29037,0.29037,0.29037
2.1675,0.30432,0.30432,0.30432
2.17,0.31827,0.31827,0.31827
2.1725,0.33222,0.33222,0.33222
2.175,0.3461,0.3461,0.3461
2.1775,0.35981,0.35981,0.35981
2.18,0.37351,0.37351,0.37351
2.1825,0.38721,0.38721,0.38721
2.185,0.40084,0.40084,0.40084
2.1875,0.41423,0.41423,0.41423
2.19,0.42762,0.42762,0.42762
2.1925,0.44102,0.44102,0.44102
2.195,0.45432,0.45432,0.45432
2.1975,0.46735,0.46735,0.46735
2.2,0.48037,0.48037,0.48037
2.2025,0.49339,0.49339,0.49339
2.205,0.50632,0.50632,0.50632
2.2075,0.51891,0.51891,0.51891
2.21,0.53151,0.53151,0.53151
2.2125,0.54411,0.54411,0.54411
2.215,0.5566,0.5566,0.5566
2.2175,0.56871,0.56871,0.56871
2.22,0.58083,0.58083,0.58083
2.2225,0.59295,0.59295,0.59295
2.225,0.60495,0.60495,0.60495
2.2275,0.61653,0.61653,0.61653
2.23,0.62811,0.62811,0.62811
2.2325,0.6397,0.6397,0.6397
2.235,0.65116,0.65116,0.65116
2.2375,0.66216,0.66216,0.66216
2.24,0.67316,0.67316,0.67316
2.2425,0.68416,0.68416,0.68416
2.245,0.69504,0.69504,0.69504
2.2475,0.70541,0.70541,0.70541
2.25,0.71579,0.71579,0.71579
2.2525,0.72616,0.72616,0.72616
2.255,0.7364,0.7364,0.7364
2.2575,0.74611,0.74611,0.74611
2.26,0.75581,0.75581,0.75581
2.2625,0.76552,0.76552,0.76552
2.265,0.77509,0.77509,0.77509
2.2675,0.78408,0.78408,0.78408
2.27,0.79308,0.79308,0.79308
2.2725,0.80208,0.80208,0.80208
2.275,0.81094,0.81094,0.81094
2.2775,0.81919,0.81919,0.81919
2.28,0.82744,0.82744,0.82744
2.2825,0.83569,0.83569,0.83569
2.285,0.84381,0.84381,0.84381
2.2875,0.85128,0.85128,0.85128
2.29,0.85875,0.85875,0.85875
2.2925,0.86622,0.86622,0.86622
2.295,0.87356,0.87356,0.87356
2.2975,0.88023,0.88023,0.88023
2.3,0.88689,0.88689,0.88689
2.3025,0.89355,0.89355,0.89355
2.305,0.90009,0.90009,0.90009
2.3075,0.90592,0.90592,0.90592
2.31,0.91175,0.91175,0.91175
2.3125,0.91757,0.91757,0.91757
2.315,0.92327,0.92327,0.92327
2.3175,0.92824,0.92824,0.92824
2.32,0.93321,0.93321,0.93321
2.3225,0.93818,0.93818,0.93818
2.325,0.94303,0.94303,0.94303
2.3275,0.94711,0.94711,0.94711
2.33,0.9512,0.9512,0.9512
2.3325,0.95529,0.95529,0.95529
2.335,0.95925,0.95925,0.95925
2.3375,0.96244,0.96244,0.96244
2.34,0.96563,0.96563,0.96563
2.3425,0.96881,0.96881,0.96881
2.345,0.97188,0.97188,0.97188
2.3475,0.97415,0.97415,0.97415
2.35,0.97642,0.97642,0.97642
2.3525,0.97869,0.97869,0.97869
2.355,0.98085,0.98085,0.98085
2.3575,0.98218,0.98218,0.98218
2.36,0.98352,0.98352,0.98352
2.3625,0.98486,0.98486,0.98486
2.365,0.98609,0.98609,0.98609
2.3675,0.98648,0.98648,0.98648
2.37,0.98688,0.98688,0.98688
2.3725,0.98727,0.98727,0.98727
2.375,0.98757,0.98757,0.98757
2.3775,0.98701,0.98701,0.98701
2.38,0.98644,0.98644,0.98644
2.3825,0.98588,0.98588,0.98588
2.385,0.98523,0.98523,0.98523
2.3875,0.98371,0.98371,0.98371
2.39,0.98219,0.98219,0.98219
2.3925,0.98067,0.98067,0.98067
2.395,0.97907,0.97907,0.97907
2.3975,0.97658,0.97658,0.97658
2.4,0.9741,0.9741,0.9741
2.4025,0.97161,0.97161,0.97161
2.405,0.96905,0.96905,0.96905
2.4075,0.9656,0.9656,0.9656
2.41,0.96214,0.96214,0.96214
2.4125,0.95869,0.95869,0.95869
2.415,0.95517,0.95517,0.95517
2.4175,0.95075,0.95075,0.95075
2.42,0.94633,0.94633,0.94633
2.4225,0.94191,0.94191,0.94191
2.425,0.93743,0.93743,0.93743
2.4275,0.93205,0.93205,0.93205
2.43,0.92667,0.92667,0.92667
2.4325,0.92128,0.92128,0.92128
2.435,0.91585,0.91585,0.91585
2.4375,0.90951,0.90951,0.90951
2.44,0.90317,0.90317,0.90317
2.4425,0.89683,0.89683,0.89683
2.445,0.89045,0.89045,0.89045
2.4475,0.88316,0.88316,0.88316
2.45,0.87588,0.87588,0.87588
2.4525,0.86859,0.86859,0.86859
2.455,0.86127,0.86127,0.86127
2.4575,0.85305,0.85305,0.85305
2.46,0.84483,0.84483,0.84483
2.4625,0.83661,0.83661,0.83661
2.465,0.82837,0.82837,0.82837
2.4675,0.81923,0.81923,0.81923
2.47,0.8101,0.8101,0.8101
2.4725,0.80096,0.80096,0.80096
2.475,0.79181,0.79181,0.79181
2.4775,0.78177,0.78177,0.78177
2.48,0.77174,0.77174,0.77174
2.4825,0.76171,0.76171,0.76171
2.485,0.75167,0.75167,0.75167
2.4875,0.74077,0.74077,0.74077
2.49,0.72987,0.72987,0.72987
2.4925,0.71897,0.71897,0.71897
2.495,0.70806,0.70806,0.70806
2.4975,0.69632,0.69632,0.69632
2.5,0.68458,0.68458,0.68458
2.5025,0.67284,0.67284,0.67284
2.505,0.6611,0.6611,0.6611
2.5075,0.64856,0.64856,0.64856
2.51,0.63602,0.63602,0.63602
2.5125,0.62347,0.62347,0.62347
2.515,0.61093,0.61093,0.61093
2.5175,0.59763,0.59763,0.59763
2.52,0.58432,0.58432,0.58432
2.5225,0.57101,0.57101,0.57101
2.525,0.5577,0.5577,0.5577
2.5275,0.54368,0.54368,0.54368
2.53,0.52965,0.52965,0.52965
2.5325,0.51562,0.51562,0.51562
2.535,0.50159,0.50159,0.50159
2.5375,0.48691,0.48691,0.48691
2.54,0.47221,0.47221,0.47221
2.5425,0.4575,0.4575,0.4575
2.545,0.4428,0.4428,0.4428
2.5475,0.42751,0.42751,0.42751
2.55,0.41219,0.41219,0.41219
2.5525,0.39688,0.39688,0.39688
2.555,0.38156,0.38156,0.38156
2.5575,0.36571,0.36571,0.36571
2.56,0.34984,0.34984,0.34984
2.5625,0.33396,0.33396,0.33396
2.565,0.31809,0.31809,0.31809
2.5675,0.30175,0.30175,0.30175
2.57,0.28538,0.28538,0.28538
2.5725,0.26902,0.26902,0.26902
2.575,0.25265,0.25265,0.25265
2.5775,0.23589,0.23589,0.23589
2.58,0.2191,0.2191,0.2191
2.5825,0.20231,0.20231,0.20231
2.585,0.18552,0.18552,0.18552
2.5875,0.1684,0.1684,0.1684
2.59,0.15126,0.15126,0.15126
2.5925,0.13412,0.13412,0.13412
2.595,0.11697,0.11697,0.11697
2.5975,0.099575,0.099575,0.099575
2.6,0.082156,0.082156,0.082156
2.6025,0.064736,0.064736,0.064736
2.605,0.047316,0.047316,0.047316
2.6075,0.029714,0.029714,0.029714
2.61,0.012094,0.012094,0.012094
2.6125,-0.0055252,-0.0055252,-0.0055252
2.615,-0.023145,-0.023145,-0.023145
2.6175,-0.040873,-0.040873,-0.040873
2.62,-0.058613,-0.058613,-0.058613
2.6225,-0.076352,-0.076352,-0.076352
2.625,-0.094092,-0.094092,-0.094092
2.6275,-0.11187,-0.11187,-0.11187
2.63,-0.12965,-0.12965,-0.12965
2.6325,-0.14742,-0.14742,-0.14742
2.635,-0.1652,-0.1652,-0.1652
2.6375,-0.18295,-0.18295,-0.18295
2.64,-0.20068,-0.20068,-0.20068
2.6425,-0.21842,-0.21842,-0.21842
2.645,-0.23616,-0.23616,-0.23616
2.6475,-0.25379,-0.25379,-0.25379
2.65,-0.2714,-0.2714,-0.2714
2.6525,-0.28902,-0.28902,-0.28902
2.655,-0.30664,-0.30664,-0.30664
2.6575,-0.32407,-0.32407,-0.32407
2.66,-0.34149,-0.34149,-0.34149
2.6625,-0.3589,-0.3589,-0.3589
2.665,-0.37632,-0.37632,-0.37632
2.6675,-0.39349,-0.39349,-0.39349
2.67,-0.41063,-0.41063,-0.41063
2.6725,-0.42776,-0.42776,-0.42776
2.675,-0.4449,-0.4449,-0.4449
2.6775,-0.46173,-0.46173,-0.46173
2.68,-0.47851,-0.47851,-0.47851
2.6825,-0.49529,-0.49529,-0.49529
2.685,-0.51207,-0.51207,-0.51207
2.6875,-0.52849,-0.52849,-0.52849
2.69,-0.54485,-0.54485,-0.54485
2.6925,-0.5612,-0.5612,-0.5612
2.695,-0.57756,-0.57756,-0.57756
2.6975,-0.5935,-0.5935,-0.5935
2.7,-0.60936,-0.60936,-0.60936
2.7025,-0.62522,-0.62522,-0.62522
2.705,-0.64108,-0.64108,-0.64108
2.7075,-0.65648,-0.65648,-0.65648
2.71,-0.67178,-0.67178,-0.67178
2.7125,-0.68708,-0.68708,-0.68708
2.715,-0.70239,-0.70239,-0.70239
2.7175,-0.71718,-0.71718,-0.71718
2.72,-0.73186,-0.73186,-0.73186
2.7225,-0.74654,-0.74654,-0.74654
2.725,-0.76123,-0.76123,-0.76123
2.7275,-0.77536,-0.77536,-0.77536
2.73,-0.78937,-0.78937,-0.78937
2.7325,-0.80338,-0.80338,-0.80338
2.735,-0.81739,-0.81739,-0.81739
2.7375,-0.83081,-0.83081,-0.83081
2.74,-0.84409,-0.84409,-0.84409
2.7425,-0.85737,-0.85737,-0.85737
2.745,-0.87066,-0.87066,-0.87066
2.7475,-0.88332,-0.88332,-0.88332
2.75,-0.89583,-0.89583,-0.89583
2.7525,-0.90834,-0.90834,-0.90834
2.755,-0.92085,-0.92085,-0.92085
2.7575,-0.93271,-0.93271,-0.93271
2.76,-0.94441,-0.94441,-0.94441
2.7625,-0.9561,-0.9561,-0.9561
2.765,-0.9678,-0.9678,-0.9678
2.7675,-0.97882,-0.97882,-0.97882
2.77,-0.98966,-0.98966,-0.98966
2.7725,-1.0005,-1.0005,-1.0005
2.775,-1.0113,-1.0113,-1.0113
2.7775,-1.0215,-1.0215,-1.0215
2.78,-1.0314,-1.0314,-1.0314
2.7825,-1.0414,-1.0414,-1.0414
2.785,-1.0513,-1.0513,-1.0513
2.7875,-1.0606,-1.0606,-1.0606
2.79,-1.0696,-1.0696,-1.0696
2.7925,-1.0786,-1.0786,-1.0786
2.795,-1.0877,-1.0877,-1.0877
2.7975,-1.096,-1.096,-1.096
2.8,-1.1041,-1.1041,-1.1041
2.8025,-1.1122,-1.1122,-1.1122
2.805,-1.1202,-1.1202,-1.1202
2.8075,-1.1276,-1.1276,-1.1276
2.81,-1.1347,-1.1347,-1.1347
2.8125,-1.1418,-1.1418,-1.1418
2.815,-1.1489,-1.1489,-1.1489
2.8175,-1.1553,-1.1553,-1.1553
2.82,-1.1614,-1.1614,-1.1614
2.8225,-1.1676,-1.1676,-1.1676
2.825,-1.1737,-1.1737,-1.1737
2.8275,-1.1791,-1.1791,-1.1791
2.83,-1.1842,-1.1842,-1.1842
2.8325,-1.1893,-1.1893,-1.1893
2.835,-1.1944,-1.1944,-1.1944
2.8375,-1.1987,-1.1987,-1.1987
2.84,-1.2028,-1.2028,-1.2028
2.8425,-1.2069,-1.2069,-1.2069
2.845,-1.211,-1.211,-1.211
2.8475,-1.2143,-1.2143,-1.2143
2.85,-1.2173,-1.2173,-1.2173
2.8525,-1.2204,-1.2204,-1.2204
2.855,-1.2234,-1.2234,-1.2234
2.8575,-1.2257,-1.2257,-1.2257
2.86,-1.2277,-1.2277,-1.2277
2.8625,-1.2297,-1.2297,-1.2297
2.865,-1.2316,-1.2316,-1.2316
2.8675,-1.2329,-1.2329,-1.2329
2.87,-1.2338,-1.2338,-1.2338
2.8725,-1.2347,-1.2347,-1.2347
2.875,-1.2356,-1.2356,-1.2356
2.8775,-1.2358,-1.2358,-1.2358
2.88,-1.2356,-1.2356,-1.2356
2.8825,-1.2355,-1.2355,-1.2355
2.885,-1.2353,-1.2353,-1.2353
2.8875,-1.2344,-1.2344,-1.2344
2.89,-1.2331,-1.2331,-1.2331
2.8925,-1.2319,-1.2319,-1.2319
2.895,-1.2306,-1.2306,-1.2306
2.8975,-1.2286,-1.2286,-1.2286
2.9,-1.2263,-1.2263,-1.2263
2.9025,-1.224,-1.224,-1.224
2.905,-1.2216,-1.2216,-1.2216
2.9075,-1.2186,-1.2186,-1.2186
2.91,-1.2151,-1.2151,-1.2151
2.9125,-1.2117,-1.2117,-1.2117
2.915,-1.2082,-1.2082,-1.2082
2.9175,-1.2041,-1.2041,-1.2041
2.92,-1.1995,-1.1995,-1.1995
2.9225,-1.195,-1.195,-1.195
2.925,-1.1905,-1.1905,-1.1905
2.9275,-1.1852,-1.1852,-1.1852
2.93,-1.1796,-1.1796,-1.1796
2.9325,-1.1739,-1.1739,-1.1739
2.935,-1.1683,-1.1683,-1.1683
2.9375,-1.162,-1.162,-1.162
2.94,-1.1552,-1.1552,-1.1552
2.9425,-1.1485,-1.1485,-1.1485
2.945,-1.1418,-1.1418,-1.1418
2.9475,-1.1343,-1.1343,-1.1343
2.95,-1.1265,-1.1265,-1.1265
2.9525,-1.1187,-1.1187,-1.1187
2.955,-1.1108,-1.1108,-1.1108
2.9575,-1.1023,-1.1023,-1.1023
2.96,-1.0934,-1.0934,-1.0934
2.9625,-1.0845,-1.0845,-1.0845
2.965,-1.0756,-1.0756,-1.0756
2.9675,-1.066,-1.066,-1.066
2.97,-1.056,-1.056,-1.056
2.9725,-1.046,-1.046,-1.046
2.975,-1.036,-1.036,-1.036
2.9775,-1.0254,-1.0254,-1.0254
2.98,-1.0143,-1.0143,-1.0143
2.9825,-1.0033,-1.0033,-1.0033
2.985,-0.99222,-0.99222,-0.99222
2.9875,-0.98053,-0.98053,-0.98053
2.99,-0.96844,-0.96844,-0.96844
2.9925,-0.95635,-0.95635,-0.95635
2.995,-0.94426,-0.94426,-0.94426
2.9975,-0.93155,-0.93155,-0.93155
3,-0.91845,-0.91845,-0.91845
3.0025,-0.90534,-0.90534,-0.90534
3.005,-0.89223,-0.89223,-0.89223
3.0075,-0.87853,-0.87853,-0.87853
3.01,-0.86444,-0.86444,-0.86444
3.0125,-0.85034,-0.85034,-0.85034
3.015,-0.83624,-0.83624,-0.83624
3.0175,-0.82159,-0.82159,-0.82159
3.02,-0.80654,-0.80654,-0.80654
3.0225,-0.79149,-0.79149,-0.79149
3.025,-0.77644,-0.77644,-0.77644
3.0275,-0.76086,-0.76086,-0.76086
3.03,-0.7449,-0.7449,-0.7449
3.0325,-0.72894,-0.72894,-0.72894
3.035,-0.71298,-0.71298,-0.71298
3.0375,-0.69652,-0.69652,-0.69652
3.04,-0.6797,-0.6797,-0.6797
3.0425,-0.66287,-0.66287,-0.66287
3.045,-0.64605,-0.64605,-0.64605
3.0475,-0.62876,-0.62876,-0.62876
3.05,-0.61113,-0.61113,-0.61113
3.0525,-0.59349,-0.59349,-0.59349
3.055,-0.57585,-0.57585,-0.57585
3.0575,-0.5578,-0.5578,-0.5578
3.06,-0.53941,-0.53941,-0.53941
3.0625,-0.52102,-0.52102,-0.52102
3.065,-0.50264,-0.50264,-0.50264
3.0675,-0.48387,-0.48387,-0.48387
3.07,-0.4648,-0.4648,-0.4648
3.0725,-0.44573,-0.44573,-0.44573
3.075,-0.42666,-0.42666,-0.42666
3.0775,-0.40726,-0.40726,-0.40726
3.08,-0.38758,-0.38758,-0.38758
3.0825,-0.36789,-0.36789,-0.36789
3.085,-0.34821,-0.34821,-0.34821
3.0875,-0.32825,-0.32825,-0.32825
3.09,-0.30803,-0.30803,-0.30803
3.0925,-0.28782,-0.28782,-0.28782
3.095,-0.26761,-0.26761,-0.26761
3.0975,-0.24716,-0.24716,-0.24716
3.1,-0.2265,-0.2265,-0.2265
3.1025,-0.20584,-0.20584,-0.20584
3.105,-0.18518,-0.18518,-0.18518
3.1075,-0.16434,-0.16434,-0.16434
3.11,-0.14332,-0.14332,-0.14332
3.1125,-0.1223,-0.1223,-0.1223
3.115,-0.10129,-0.10129,-0.10129
3.1175,-0.080137,-0.080137,-0.080137
3.12,-0.058857,-0.058857,-0.058857
3.1225,-0.037578,-0.037578,-0.037578
3.125,-0.016298,-0.016298,-0.016298
3.1275,0.0050649,0.0050649,0.0050649
3.13,0.026512,0.026512,0.026512
3.1325,0.047959,0.047959,0.047959
3.135,0.069406,0.069406,0.069406
3.1375,0.090887,0.090887,0.090887
3.14,0.1124,0.1124,0.1124
3.1425,0.13392,0.13392,0.13392
3.145,0.15544,0.15544,0.15544
3.1475,0.17694,0.17694,0.17694
3.15,0.19843,0.19843,0.19843
3.1525,0.21992,0.21992,0.21992
3.155,0.24141,0.24141,0.24141
3.1575,0.26284,0.26284,0.26284
3.16,0.2842,0.2842,0.2842
3.1625,0.30556,0.30556,0.30556
3.165,0.32693,0.32693,0.32693
3.1675,0.34819,0.34819,0.34819
3.17,0.36933,0.36933,0.36933
3.1725,0.39047,0.39047,0.39047
3.175,0.41161,0.41161,0.41161
3.1775,0.43261,0.43261,0.43261
3.18,0.45344,0.45344,0.45344
3.1825,0.47427,0.47427,0.47427
3.185,0.4951,0.4951,0.4951
3.1875,0.51574,0.51574,0.51574
3.19,0.53617,0.53617,0.53617
3.1925,0.55659,0.55659,0.55659
3.195,0.57702,0.57702,0.57702
3.1975,0.59723,0.59723,0.59723
3.2,0.61716,0.61716,0.61716
3.2025,0.6371,0.6371,0.6371
3.205,0.65704,0.65704,0.65704
3.2075,0.67673,0.67673,0.67673
3.21,0.6961,0.6961,0.6961
3.2125,0.71547,0.71547,0.71547
3.215,0.73484,0.73484,0.73484
3.2175,0.75394,0.75394,0.75394
3.22,0.77267,0.77267,0.77267
3.2225,0.7914,0.7914,0.7914
3.225,0.81013,0.81013,0.81013
3.2275,0.82857,0.82857,0.82857
3.23,0.8466,0.8466,0.8466
3.2325,0.86463,0.86463,0.86463
3.235,0.88265,0.88265,0.88265
3.2375,0.90037,0.90037,0.90037
3.24,0.91763,0.91763,0.91763
3.2425,0.93489,0.93489,0.93489
3.245,0.95215,0.95215,0.95215
3.2475,0.96909,0.96909,0.96909
3.25,0.98553,0.98553,0.98553
3.2525,1.002,1.002,1.002
3.255,1.0184,1.0184,1.0184
3.2575,1.0345,1.0345,1.0345
3.26,1.0501,1.0501,1.0501
3.2625,1.0657,1.0657,1.0657
3.265,1.0813,1.0813,1.0813
3.2675,1.0965,1.0965,1.0965
3.27,1.1112,1.1112,1.1112
3.2725,1.1258,1.1258,1.1258
3.275,1.1405,1.1405,1.1405
3.2775,1.1548,1.1548,1.1548
3.28,1.1686,1.1686,1.1686
3.2825,1.1823,1.1823,1.1823
3.285,1.196,1.196,1.196
3.2875,1.2094,1.2094,1.2094
3.29,1.2221,1.2221,1.2221
3.2925,1.2349,1.2349,1.2349
3.295,1.2476,1.2476,1.2476
3.2975,1.26,1.26,1.26
3.3,1.2718,1.2718,1.2718
3.3025,1.2835,1.2835,1.2835
3.305,1.2953,1.2953,1.2953
3.3075,1.3067,1.3067,1.3067
3.31,1.3174,1.3174,1.3174
3.3125,1.3282,1.3282,1.3282
3.315,1.3389,1.3389,1.3389
3.3175,1.3493,1.3493,1.3493
3.32,1.3589,1.3589,1.3589
3.3225,1.3686,1.3686,1.3686
3.325,1.3783,1.3783,1.3783
3.3275,1.3876,1.3876,1.3876
3.33,1.3963,1.3963,1.3963
3.3325,1.4049,1.4049,1.4049
3.335,1.4135,1.4135,1.4135
3.3375,1.4218,1.4218,1.4218
3.34,1.4294,1.4294,1.4294
3.3425,1.4369,1.4369,1.4369
3.345,1.4445,1.4445,1.4445
3.3475,1.4517,1.4517,1.4517
3.35,1.4581,1.4581,1.4581
3.3525,1.4646,1.4646,1.4646
3.355,1.4711,1.4711,1.4711
3.3575,1.4772,1.4772,1.4772
3.36,1.4826,1.4826,1.4826
3.3625,1.4879,1.4879,1.4879
3.365,1.4933,1.4933,1.4933
3.3675,1.4983,1.4983,1.4983
3.37,1.5026,1.5026,1.5026
3.3725,1.5068,1.5068,1.5068
3.375,1.5111,1.5111,1.5111
3.3775,1.515,1.515,1.515
3.38,1.5182,1.5182,1.5182
3.3825,1.5213,1.5213,1.5213
3.385,1.5245,1.5245,1.5245
3.3875,1.5273,1.5273,1.5273
3.39,1.5293,1.5293,1.5293
3.3925,1.5313,1.5313,1.5313
3.395,1.5333,1.5333,1.5333
3.3975,1.535,1.535,1.535
3.4,1.5359,1.5359,1.5359
3.4025,1.5368,1.5368,1.5368
3.405,1.5377,1.5377,1.5377
3.4075,1.5383,1.5383,1.5383
3.41,1.538,1.538,1.538
3.4125,1.5378,1.5378,1.5378
3.415,1.5375,1.5375,1.5375
3.4175,1.5369,1.5369,1.5369
3.42,1.5355,1.5355,1.5355
3.4225,1.5341,1.5341,1.5341
3.425,1.5327,1.5327,1.5327
3.4275,1.531,1.531,1.531
3.43,1.5284,1.5284,1.5284
3.4325,1.5259,1.5259,1.5259
3.435,1.5233,1.5233,1.5233
3.4375,1.5205,1.5205,1.5205
3.44,1.5167,1.5167,1.5167
3.4425,1.513,1.513,1.513
3.445,1.5093,1.5093,1.5093
3.4475,1.5053,1.5053,1.5053
3.45,1.5003,1.5003,1.5003
3.4525,1.4954,1.4954,1.4954
3.455,1.4905,1.4905,1.4905
3.4575,1.4854,1.4854,1.4854
3.46,1.4793,1.4793,1.4793
3.4625,1.4732,1.4732,1.4732
3.465,1.4671,1.4671,1.4671
3.4675,1.4608,1.4608,1.4608
3.47,1.4535,1.4535,1.4535
3.4725,1.4462,1.4462,1.4462
3.475,1.4389,1.4389,1.4389
3.4775,1.4314,1.4314,1.4314
3.48,1.423,1.423,1.423
3.4825,1.4145,1.4145,1.4145
3.485,1.406,1.406,1.406
3.4875,1.3973,1.3973,1.3973
3.49,1.3877,1.3877,1.3877
3.4925,1.378,1.378,1.378
3.495,1.3684,1.3684,1.3684
3.4975,1.3585,1.3585,1.3585
3.5,1.3476,1.3476,1.3476
3.5025,1.3368,1.3368,1.3368
3.505,1.3259,1.3259,1.3259
3.5075,1.3148,1.3148,1.3148
3.51,1.3028,1.3028,1.3028
3.5125,1.2908,1.2908,1.2908
3.515,1.2787,1.2787,1.2787
3.5175,1.2665,1.2665,1.2665
3.52,1.2532,1.2532,1.2532
3.5225,1.24,1.24,1.24
3.525,1.2268,1.2268,1.2268
3.5275,1.2133,1.2133,1.2133
3.53,1.1989,1.1989,1.1989
3.5325,1.1845,1.1845,1.1845
3.535,1.1701,1.1701,1.1701
3.5375,1.1555,1.1555,1.1555
3.54,1.14,1.14,1.14
3.5425,1.1244,1.1244,1.1244
3.545,1.1088,1.1088,1.1088
3.5475,1.0931,1.0931,1.0931
3.55,1.0764,1.0764,1.0764
3.5525,1.0597,1.0597,1.0597
3.555,1.043,1.043,1.043
3.5575,1.0261,1.0261,1.0261
3.56,1.0083,1.0083,1.0083
3.5625,0.99046,0.99046,0.99046
3.565,0.97265,0.97265,0.97265
3.5675,0.95468,0.95468,0.95468
3.57,0.93579,0.93579,0.93579
3.5725,0.91691,0.91691,0.91691
3.575,0.89802,0.89802,0.89802
3.5775,0.87899,0.87899,0.87899
3.58,0.85908,0.85908,0.85908
3.5825,0.83916,0.83916,0.83916
3.585,0.81925,0.81925,0.81925
3.5875,0.79921,0.79921,0.79921
3.59,0.77832,0.77832,0.77832
3.5925,0.75743,0.75743,0.75743
3.595,0.73655,0.73655,0.73655
3.5975,0.71555,0.71555,0.71555
3.6,0.69375,0.69375,0.69375
3.6025,0.67195,0.67195,0.67195
3.605,0.65016,0.65016,0.65016
3.6075,0.62826,0.62826,0.62826
3.61,0.60563,0.60563,0.60563
3.6125,0.58299,0.58299,0.58299
3.615,0.56036,0.56036,0.56036
3.6175,0.53764,0.53764,0.53764
3.62,0.51425,0.51425,0.51425
3.6225,0.49086,0.49086,0.49086
3.625,0.46747,0.46747,0.46747
3.6275,0.44401,0.44401,0.44401
3.63,0.41996,0.41996,0.41996
3.6325,0.3959,0.3959,0.3959
3.635,0.37184,0.37184,0.37184
3.6375,0.34774,0.34774,0.34774
3.64,0.32311,0.32311,0.32311
3.6425,0.29849,0.29849,0.29849
3.645,0.27387,0.27387,0.27387
3.6475,0.24921,0.24921,0.24921
3.65,0.22412,0.22412,0.22412
3.6525,0.19904,0.19904,0.19904
3.655,0.17395,0.17395,0.17395
3.6575,0.14884,0.14884,0.14884
3.66,0.12341,0.12341,0.12341
3.6625,0.097972,0.097972,0.097972
3.665,0.072537,0.072537,0.072537
3.6675,0.047087,0.047087,0.047087
3.67,0.021416,0.021416,0.021416
3.6725,-0.0042542,-0.0042542,-0.0042542
3.675,-0.029925,-0.029925,-0.029925
3.6775,-0.055602,-0.055602,-0.055602
3.68,-0.081391,-0.081391,-0.081391
3.6825,-0.10718,-0.10718,-0.10718
3.685,-0.13297,-0.13297,-0.13297
3.6875,-0.15876,-0.15876,-0.15876
3.69,-0.18455,-0.18455,-0.18455
3.6925,-0.21034,-0.21034,-0.21034
3.695,-0.23613,-0.23613,-0.23613
3.6975,-0.26192,-0.26192,-0.26192
3.7,-0.28759,-0.28759,-0.28759
3.7025,-0.31327,-0.31327,-0.31327
3.705,-0.33894,-0.33894,-0.33894
3.7075,-0.36461,-0.36461,-0.36461
3.71,-0.39006,-0.39006,-0.39006
3.7125,-0.41551,-0.41551,-0.41551
3.715,-0.44096,-0.44096,-0.44096
3.7175,-0.46639,-0.46639,-0.46639
3.72,-0.49151,-0.49151,-0.49151
3.7225,-0.51662,-0.51662,-0.51662
3.725,-0.54173,-0.54173,-0.54173
3.7275,-0.56683,-0.56683,-0.56683
3.73,-0.5915,-0.5915,-0.5915
3.7325,-0.61617,-0.61617,-0.61617
3.735,-0.64084,-0.64084,-0.64084
3.7375,-0.66551,-0.66551,-0.66551
3.74,-0.68964,-0.68964,-0.68964
3.7425,-0.71378,-0.71378,-0.71378
3.745,-0.73791,-0.73791,-0.73791
3.7475,-0.76204,-0.76204,-0.76204
3.75,-0.78555,-0.78555,-0.78555
3.7525,-0.80906,-0.80906,-0.80906
3.755,-0.83257,-0.83257,-0.83257
3.7575,-0.85608,-0.85608,-0.85608
3.76,-0.8789,-0.8789,-0.8789
3.7625,-0.9017,-0.9017,-0.9017
3.765,-0.92451,-0.92451,-0.92451
3.7675,-0.94732,-0.94732,-0.94732
3.77,-0.96936,-0.96936,-0.96936
3.7725,-0.9914,-0.9914,-0.9914
3.775,-1.0134,-1.0134,-1.0134
3.7775,-1.0355,-1.0355,-1.0355
3.78,-1.0567,-1.0567,-1.0567
3.7825,-1.0779,-1.0779,-1.0779
3.785,-1.0991,-1.0991,-1.0991
3.7875,-1.1203,-1.1203,-1.1203
3.79,-1.1406,-1.1406,-1.1406
3.7925,-1.1609,-1.1609,-1.1609
3.795,-1.1812,-1.1812,-1.1812
3.7975,-1.2015,-1.2015,-1.2015
3.8,-1.221,-1.221,-1.221
3.8025,-1.2403,-1.2403,-1.2403
3.805,-1.2597,-1.2597,-1.2597
3.8075,-1.2791,-1.2791,-1.2791
3.81,-1.2976,-1.2976,-1.2976
3.8125,-1.316,-1.316,-1.316
3.815,-1.3344,-1.3344,-1.3344
3.8175,-1.3528,-1.3528,-1.3528
3.82,-1.3703,-1.3703,-1.3703
3.8225,-1.3877,-1.3877,-1.3877
3.825,-1.4051,-1.4051,-1.4051
3.8275,-1.4225,-1.4225,-1.4225
3.83,-1.439,-1.439,-1.439
3.8325,-1.4554,-1.4554,-1.4554
3.835,-1.4718,-1.4718,-1.4718
3.8375,-1.4882,-1.4882,-1.4882
3.84,-1.5036,-1.5036,-1.5036
3.8425,-1.5189,-1.5189,-1.5189
3.845,-1.5343,-1.5343,-1.5343
3.8475,-1.5497,-1.5497,-1.5497
3.85,-1.5641,-1.5641,-1.5641
3.8525,-1.5784,-1.5784,-1.5784
3.855,-1.5927,-1.5927,-1.5927
3.8575,-1.607,-1.607,-1.607
3.86,-1.6204,-1.6204,-1.6204
3.8625,-1.6336,-1.6336,-1.6336
3.865,-1.6469,-1.6469,-1.6469
3.8675,-1.6602,-1.6602,-1.6602
3.87,-1.6725,-1.6725,-1.6725
3.8725,-1.6847,-1.6847,-1.6847
3.875,-1.6969,-1.6969,-1.6969
3.8775,-1.7091,-1.7091,-1.7091
3.88,-1.7203,-1.7203,-1.7203
3.8825,-1.7315,-1.7315,-1.7315
3.885,-1.7426,-1.7426,-1.7426
3.8875,-1.7538,-1.7538,-1.7538
3.89,-1.764,-1.764,-1.764
3.8925,-1.7741,-1.7741,-1.7741
3.895,-1.7842,-1.7842,-1.7842
3.8975,-1.7942,-1.7942,-1.7942
3.9,-1.8034,-1.8034,-1.8034
3.9025,-1.8124,-1.8124,-1.8124
3.905,-1.8215,-1.8215,-1.8215
3.9075,-1.8305,-1.8305,-1.8305
3.91,-1.8386,-1.8386,-1.8386
3.9125,-1.8466,-1.8466,-1.8466
3.915,-1.8546,-1.8546,-1.8546
3.9175,-1.8626,-1.8626,-1.8626
3.92,-1.8696,-1.8696,-1.8696
3.9225,-1.8766,-1.8766,-1.8766
3.925,-1.8835,-1.8835,-1.8835
3.9275,-1.8904,-1.8904,-1.8904
3.93,-1.8965,-1.8965,-1.8965
3.9325,-1.9023,-1.9023,-1.9023
3.935,-1.9082,-1.9082,-1.9082
3.9375,-1.9141,-1.9141,-1.9141
3.94,-1.9191,-1.9191,-1.9191
3.9425,-1.9239,-1.9239,-1.9239
3.945,-1.9288,-1.9288,-1.9288
3.9475,-1.9336,-1.9336,-1.9336
3.95,-1.9376,-1.9376,-1.9376
3.9525,-1.9413,-1.9413,-1.9413
3.955,-1.9451,-1.9451,-1.9451
3.9575,-1.9489,-1.9489,-1.9489
3.96,-1.9518,-1.9518,-1.9518
3.9625,-1.9546,-1.9546,-1.9546
3.965,-1.9573,-1.9573,-1.9573
3.9675,-1.96,-1.96,-1.96
3.97,-1.9619,-1.9619,-1.9619
3.9725,-1.9636,-1.9636,-1.9636
3.975,-1.9653,-1.9653,-1.9653
3.9775,-1.9669,-1.9669,-1.9669
3.98,-1.9678,-1.9678,-1.9678
3.9825,-1.9684,-1.9684,-1.9684
3.985,-1.969,-1.969,-1.969
3.9875,-1.9696,-1.9696,-1.9696
3.99,-1.9694,-1.9694,-1.9694
3.9925,-1.9689,-1.9689,-1.9689
3.995,-1.9685,-1.9685,-1.9685
3.9975,-1.9681,-1.9681,-1.9681
4,-1.9667,-1.9667,-1.9667
4.0025,-1.9652,-1.9652,-1.9652
4.005,-1.9637,-1.9637,-1.9637
4.0075,-1.9622,-1.9622,-1.9622
4.01,-1.9598,-1.9598,-1.9598
4.0125,-1.9572,-1.9572,-1.9572
4.015,-1.9546,-1.9546,-1.9546
4.0175,-1.952,-1.952,-1.952
4.02,-1.9485,-1.9485,-1.9485
4.0225,-1.9448,-1.9448,-1.9448
4.025,-1.9411,-1.9411,-1.9411
4.0275,-1.9374,-1.9374,-1.9374
4.03,-1.9328,-1.9328,-1.9328
4.0325,-1.928,-1.928,-1.928
4.035,-1.9232,-1.9232,-1.9232
4.0375,-1.9184,-1.9184,-1.9184
4.04,-1.9127,-1.9127,-1.9127
4.0425,-1.9068,-1.9068,-1.9068
4.045,-1.9008,-1.9008,-1.9008
4.0475,-1.8949,-1.8949,-1.8949
4.05,-1.8881,-1.8881,-1.8881
4.0525,-1.881,-1.881,-1.881
4.055,-1.8739,-1.8739,-1.8739
4.0575,-1.8668,-1.8668,-1.8668
4.06,-1.8589,-1.8589,-1.8589
4.0625,-1.8506,-1.8506,-1.8506
4.065,-1.8424,-1.8424,-1.8424
4.0675,-1.8342,-1.8342,-1.8342
4.07,-1.825,-1.825,-1.825
4.0725,-1.8156,-1.8156,-1.8156
4.075,-1.8062,-1.8062,-1.8062
4.0775,-1.7968,-1.7968,-1.7968
4.08,-1.7865,-1.7865,-1.7865
4.0825,-1.7759,-1.7759,-1.7759
4.085,-1.7653,-1.7653,-1.7653
4.0875,-1.7547,-1.7547,-1.7547
4.09,-1.7432,-1.7432,-1.7432
4.0925,-1.7313,-1.7313,-1.7313
4.095,-1.7195,-1.7195,-1.7195
4.0975,-1.7077,-1.7077,-1.7077
4.1,-1.695,-1.695,-1.695
4.1025,-1.6819,-1.6819,-1.6819
4.105,-1.6689,-1.6689,-1.6689
4.1075,-1.6558,-1.6558,-1.6558
4.11,-1.6419,-1.6419,-1.6419
4.1125,-1.6276,-1.6276,-1.6276
4.115,-1.6133,-1.6133,-1.6133
4.1175,-1.599,-1.599,-1.599
4.12,-1.5838,-1.5838,-1.5838
4.1225,-1.5683,-1.5683,-1.5683
4.125,-1.5528,-1.5528,-1.5528
4.1275,-1.5372,-1.5372,-1.5372
4.13,-1.5208,-1.5208,-1.5208
4.1325,-1.504,-1.504,-1.504
4.135,-1.4872,-1.4872,-1.4872
4.1375,-1.4704,-1.4704,-1.4704
4.14,-1.4527,-1.4527,-1.4527
4.1425,-1.4346,-1.4346,-1.4346
4.145,-1.4166,-1.4166,-1.4166
4.1475,-1.3985,-1.3985,-1.3985
4.15,-1.3796,-1.3796,-1.3796
4.1525,-1.3602,-1.3602,-1.3602
4.155,-1.3409,-1.3409,-1.3409
4.1575,-1.3216,-1.3216,-1.3216
4.16,-1.3014,-1.3014,-1.3014
4.1625,-1.2808,-1.2808,-1.2808
4.165,-1.2603,-1.2603,-1.2603
4.1675,-1.2397,-1.2397,-1.2397
4.17,-1.2183,-1.2183,-1.2183
4.1725,-1.1965,-1.1965,-1.1965
4.175,-1.1747,-1.1747,-1.1747
4.1775,-1.1529,-1.1529,-1.1529
4.18,-1.1303,-1.1303,-1.1303
4.1825,-1.1073,-1.1073,-1.1073
4.185,-1.0843,-1.0843,-1.0843
4.1875,-1.0613,-1.0613,-1.0613
4.19,-1.0375,-1.0375,-1.0375
4.1925,-1.0134,-1.0134,-1.0134
4.195,-0.98923,-0.98923,-0.98923
4.1975,-0.96507,-0.96507,-0.96507
4.2,-0.94021,-0.94021,-0.94021
4.2025,-0.91494,-0.91494,-0.91494
4.205,-0.88968,-0.88968,-0.88968
4.2075,-0.86442,-0.86442,-0.86442
4.21,-0.8385,-0.8385,-0.8385
4.2125,-0.8122,-0.8122,-0.8122
4.215,-0.7859,-0.7859,-0.7859
4.2175,-0.7596,-0.7596,-0.7596
4.22,-0.7327,-0.7327,-0.7327
4.2225,-0.70544,-0.70544,-0.70544
4.225,-0.67818,-0.67818,-0.67818
4.2275,-0.65092,-0.65092,-0.65092
4.23,-0.62312,-0.62312,-0.62312
4.2325,-0.59499,-0.59499,-0.59499
4.235,-0.56686,-0.56686,-0.56686
4.2375,-0.53872,-0.53872,-0.53872
4.24,-0.51013,-0.51013,-0.51013
4.2425,-0.48123,-0.48123,-0.48123
4.245,-0.45233,-0.45233,-0.45233
4.2475,-0.42343,-0.42343,-0.42343
4.25,-0.39413,-0.39413,-0.39413
4.2525,-0.36458,-0.36458,-0.36458
4.255,-0.33502,-0.33502,-0.33502
4.2575,-0.30547,-0.30547,-0.30547
4.26,-0.2756,-0.2756,-0.2756
4.2625,-0.24551,-0.24551,-0.24551
4.265,-0.21542,-0.21542,-0.21542
4.2675,-0.18534,-0.18534,-0.18534
4.27,-0.15502,-0.15502,-0.15502
4.2725,-0.12453,-0.12453,-0.12453
4.275,-0.094037,-0.094037,-0.094037
4.2775,-0.063548,-0.063548,-0.063548
4.28,-0.032906,-0.032906,-0.032906
4.2825,-0.0021518,-0.0021518,-0.0021518
4.285,0.028603,0.028603,0.028603
4.2875,0.059357,0.059357,0.059357
4.29,0.090183,0.090183,0.090183
4.2925,0.12106,0.12106,0.12106
4.295,0.15194,0.15194,0.15194
4.2975,0.18283,0.18283,0.18283
4.3,0.2137,0.2137,0.2137
4.3025,0.24457,0.24457,0.24457
4.305,0.27543,0.27543,0.27543
4.3075,0.3063,0.3063,0.3063
4.31,0.33709,0.33709,0.33709
4.3125,0.3678,0.3678,0.3678
4.315,0.39852,0.39852,0.39852
4.3175,0.42924,0.42924,0.42924
4.32,0.4598,0.4598,0.4598
4.3225,0.49024,0.49024,0.49024
4.325,0.52067,0.52067,0.52067
4.3275,0.55111,0.55111,0.55111
4.33,0.58133,0.58133,0.58133
4.3325,0.61135,0.61135,0.61135
4.335,0.64138,0.64138,0.64138
4.3375,0.67141,0.67141,0.67141
4.34,0.70116,0.70116,0.70116
4.3425,0.73066,0.73066,0.73066
4.345,0.76016,0.76016,0.76016
4.3475,0.78967,0.78967,0.78967
4.35,0.81884,0.81884,0.81884
4.3525,0.84772,0.84772,0.84772
4.355,0.8766,0.8766,0.8766
4.3575,0.90547,0.90547,0.90547
4.36,0.93398,0.93398,0.93398
4.3625,0.96213,0.96213,0.96213
4.365,0.99029,0.99029,0.99029
4.3675,1.0184,1.0184,1.0184
4.37,1.0462,1.0462,1.0462
4.3725,1.0736,1.0736,1.0736
4.375,1.1009,1.1009,1.1009
4.3775,1.1283,1.1283,1.1283
4.38,1.1552,1.1552,1.1552
4.3825,1.1817,1.1817,1.1817
4.385,1.2082,1.2082,1.2082
4.3875,1.2347,1.2347,1.2347
4.39,1.2608,1.2608,1.2608
4.3925,1.2863,1.2863,1.2863
4.395,1.3119,1.3119,1.3119
4.3975,1.3375,1.3375,1.3375
4.4,1.3626,1.3626,1.3626
4.4025,1.3873,1.3873,1.3873
4.405,1.4119,1.4119,1.4119
4.4075,1.4365,1.4365,1.4365
4.41,1.4607,1.4607,1.4607
4.4125,1.4844,1.4844,1.4844
4.415,1.508,1.508,1.508
4.4175,1.5317,1.5317,1.5317
4.42,1.5549,1.5549,1.5549
4.4225,1.5775,1.5775,1.5775
4.425,1.6002,1.6002,1.6002
4.4275,1.6229,1.6229,1.6229
4.43,1.6451,1.6451,1.6451
4.4325,1.6667,1.6667,1.6667
4.435,1.6884,1.6884,1.6884
4.4375,1.7101,1.7101,1.7101
4.44,1.7313,1.7313,1.7313
4.4425,1.7519,1.7519,1.7519
4.445,1.7726,1.7726,1.7726
4.4475,1.7933,1.7933,1.7933
4.45,1.8135,1.8135,1.8135
4.4525,1.8332,1.8332,1.8332
4.455,1.8528,1.8528,1.8528
4.4575,1.8725,1.8725,1.8725
4.46,1.8918,1.8918,1.8918
4.4625,1.9105,1.9105,1.9105
4.465,1.9292,1.9292,1.9292
4.4675,1.9479,1.9479,1.9479
4.47,1.9661,1.9661,1.9661
4.4725,1.9839,1.9839,1.9839
4.475,2.0016,2.0016,2.0016
4.4775,2.0194,2.0194,2.0194
4.48,2.0367,2.0367,2.0367
4.4825,2.0536,2.0536,2.0536
4.485,2.0704,2.0704,2.0704
4.4875,2.0872,2.0872,2.0872
4.49,2.1037,2.1037,2.1037
4.4925,2.1196,2.1196,2.1196
4.495,2.1355,2.1355,2.1355
4.4975,2.1514,2.1514,2.1514
4.5,2.167,2.167,2.167
4.5025,2.1821,2.1821,2.1821
4.505,2.1972,2.1972,2.1972
4.5075,2.2122,2.2122,2.2122
4.51,2.227,2.227,2.227
4.5125,2.2412,2.2412,2.2412
4.515,2.2554,2.2554,2.2554
4.5175,2.2697,2.2697,2.2697
4.52,2.2836,2.2836,2.2836
4.5225,2.297,2.297,2.297
4.525,2.3105,2.3105,2.3105
4.5275,2.3239,2.3239,2.3239
4.53,2.3371,2.3371,2.3371
4.5325,2.3498,2.3498,2.3498
4.535,2.3624,2.3624,2.3624
4.5375,2.3751,2.3751,2.3751
4.54,2.3876,2.3876,2.3876
4.5425,2.3995,2.3995,2.3995
4.545,2.4115,2.4115,2.4115
4.5475,2.4234,2.4234,2.4234
4.55,2.4352,2.4352,2.4352
4.5525,2.4464,2.4464,2.4464
4.555,2.4577,2.4577,2.4577
4.5575,2.469,2.469,2.469
4.56,2.48,2.48,2.48
4.5625,2.4907,2.4907,2.4907
4.565,2.5013,2.5013,2.5013
4.5675,2.5119,2.5119,2.5119
4.57,2.5223,2.5223,2.5223
4.5725,2.5324,2.5324,2.5324
4.575,2.5424,2.5424,2.5424
4.5775,2.5524,2.5524,2.5524
4.58,2.5622,2.5622,2.5622
4.5825,2.5716,2.5716,2.5716
4.585,2.581,2.581,2.581
4.5875,2.5905,2.5905,2.5905
4.59,2.5997,2.5997,2.5997
4.5925,2.6086,2.6086,2.6086
4.595,2.6175,2.6175,2.6175
4.5975,2.6263,2.6263,2.6263
4.6,2.635,2.635,2.635
4.6025,2.6434,2.6434,2.6434
4.605,2.6518,2.6518,2.6518
4.6075,2.6601,2.6601,2.6601
4.61,2.6683,2.6683,2.6683
4.6125,2.6762,2.6762,2.6762
4.615,2.684,2.684,2.684
4.6175,2.6919,2.6919,2.6919
4.62,2.6996,2.6996,2.6996
4.6225,2.707,2.707,2.707
4.625,2.7144,2.7144,2.7144
4.6275,2.7219,2.7219,2.7219
4.63,2.7291,2.7291,2.7291
4.6325,2.7361,2.7361,2.7361
4.635,2.7431,2.7431,2.7431
4.6375,2.75,2.75,2.75
4.64,2.7569,2.7569,2.7569
4.6425,2.7635,2.7635,2.7635
4.645,2.77,2.77,2.77
4.6475,2.7766,2.7766,2.7766
4.65,2.783,2.783,2.783
4.6525,2.7892,2.7892,2.7892
4.655,2.7954,2.7954,2.7954
4.6575,2.8016,2.8016,2.8016
4.66,2.8076,2.8076,2.8076
4.6625,2.8135,2.8135,2.8135
4.665,2.8193,2.8193,2.8193
4.6675,2.8251,2.8251,2.8251
4.67,2.8308,2.8308,2.8308
4.6725,2.8363,2.8363,2.8363
4.675,2.8418,2.8418,2.8418
4.6775,2.8472,2.8472,2.8472
4.68,2.8526,2.8526,2.8526
4.6825,2.8578,2.8578,2.8578
4.685,2.8629,2.8629,2.8629
4.6875,2.8681,2.8681,2.8681
4.69,2.8732,2.8732,2.8732
4.6925,2.878,2.878,2.878
4.695,2.8829,2.8829,2.8829
4.6975,2.8877,2.8877,2.8877
4.7,2.8925,2.8925,2.8925
4.7025,2.8971,2.8971,2.8971
4.705,2.9017,2.9017,2.9017
4.7075,2.9063,2.9063,2.9063
4.71,2.9108,2.9108,2.9108
4.7125,2.9151,2.9151,2.9151
4.715,2.9194,2.9194,2.9194
4.7175,2.9237,2.9237,2.9237
4.72,2.928,2.928,2.928
4.7225,2.932,2.932,2.932
4.725,2.9361,2.9361,2.9361
4.7275,2.9402,2.9402,2.9402
4.73,2.9442,2.9442,2.9442
4.7325,2.948,2.948,2.948
4.735,2.9519,2.9519,2.9519
4.7375,2.9557,2.9557,2.9557
4.74,2.9595,2.9595,2.9595
4.7425,2.9631,2.9631,2.9631
4.745,2.9667,2.9667,2.9667
4.7475,2.9703,2.9703,2.9703
4.75,2.9739,2.9739,2.9739
4.7525,2.9773,2.9773,2.9773
4.755,2.9807,2.9807,2.9807
4.7575,2.9842,2.9842,2.9842
4.76,2.9875,2.9875,2.9875
4.7625,2.9908,2.9908,2.9908
4.765,2.994,2.994,2.994
4.7675,2.9972,2.9972,2.9972
4.77,3.0004,3.0004,3.0004
4.7725,3.0034,3.0034,3.0034
4.775,3.0065,3.0065,3.0065
4.7775,3.0095,3.0095,3.0095
4.78,3.0125,3.0125,3.0125
4.7825,3.0154,3.0154,3.0154
4.785,3.0183,3.0183,3.0183
4.7875,3.0212,3.0212,3.0212
4.79,3.024,3.024,3.024
4.7925,3.0267,3.0267,3.0267
4.795,3.0294,3.0294,3.0294
4.7975,3.0321,3.0321,3.0321
4.8,3.0348,3.0348,3.0348
4.8025,3.0374,3.0374,3.0374
4.805,3.04,3.04,3.04
4.8075,3.0425,3.0425,3.0425
4.81,3.0451,3.0451,3.0451
4.8125,3.0475,3.0475,3.0475
4.815,3.0499,3.0499,3.0499
4.8175,3.0523,3.0523,3.0523
4.82,3.0547,3.0547,3.0547
4.8225,3.057,3.057,3.057
4.825,3.0593,3.0593,3.0593
4.8275,3.0615,3.0615,3.0615
4.83,3.0638,3.0638,3.0638
4.8325,3.0659,3.0659,3.0659
4.835,3.0681,3.0681,3.0681
4.8375,3.0702,3.0702,3.0702
4.84,3.0724,3.0724,3.0724
4.8425,3.0744,3.0744,3.0744
4.845,3.0764,3.0764,3.0764
4.8475,3.0784,3.0784,3.0784
4.85,3.0804,3.0804,3.0804
4.8525,3.0823,3.0823,3.0823
4.855,3.0842,3.0842,3.0842
4.8575,3.0861,3.0861,3.0861
4.86,3.088,3.088,3.088
4.8625,3.0897,3.0897,3.0897
4.865,3.0915,3.0915,3.0915
4.8675,3.0933,3.0933,3.0933
4.87,3.095,3.095,3.095
4.8725,3.0967,3.0967,3.0967
4.875,3.0983,3.0983,3.0983
4.8775,3.1,3.1,3.1
4.88,3.1016,3.1016,3.1016
4.8825,3.1032,3.1032,3.1032
4.885,3.1047,3.1047,3.1047
4.8875,3.1062,3.1062,3.1062
4.89,3.1077,3.1077,3.1077
4.8925,3.1091,3.1091,3.1091
4.895,3.1105,3.1105,3.1105
4.8975,3.112,3.112,3.112
4.9,3.1134,3.1134,3.1134
4.9025,3.1146,3.1146,3.1146
4.905,3.1159,3.1159,3.1159
4.9075,3.1172,3.1172,3.1172
4.91,3.1185,3.1185,3.1185
4.9125,3.1197,3.1197,3.1197
4.915,3.1208,3.1208,3.1208
4.9175,3.122,3.122,3.122
4.92,3.1232,3.1232,3.1232
4.9225,3.1242,3.1242,3.1242
4.925,3.1253,3.1253,3.1253
4.9275,3.1263,3.1263,3.1263
4.93,3.1274,3.1274,3.1274
4.9325,3.1283,3.1283,3.1283
4.935,3.1292,3.1292,3.1292
4.9375,3.1302,3.1302,3.1302
4.94,3.1311,3.1311,3.1311
4.9425,3.1319,3.1319,3.1319
4.945,3.1327,3.1327,3.1327
4.9475,3.1335,3.1335,3.1335
4.95,3.1343,3.1343,3.1343
4.9525,3.1349,3.1349,3.1349
4.955,3.1356,3.1356,3.1356
4.9575,3.1363,3.1363,3.1363
4.96,3.1369,3.1369,3.1369
4.9625,3.1375,3.1375,3.1375
4.965,3.138,3.138,3.138
4.9675,3.1385,3.1385,3.1385
4.97,3.139,3.139,3.139
4.9725,3.1394,3.1394,3.1394
4.975,3.1398,3.1398,3.1398
4.9775,3.1401,3.1401,3.1401
4.98,3.1405,3.1405,3.1405
4.9825,3.1407,3.1407,3.1407
4.985,3.1409,3.1409,3.1409
4.9875,3.1411,3.1411,3.1411
4.99,3.1413,3.1413,3.1413
4.9925,3.1414,3.1414,3.1414
4.995,3.1415,3.1415,3.1415
4.9975,3.1415,3.1415,3.1415
5,3.1416,3.1416,3.1416
